{
  "n_samples": 5000,
  "n_features": 33,
  "n_targets": 4,
  "cities": 40,
  "years": [
    2030,
    2040,
    2050,
    2060,
    2070,
    2080,
    2090,
    2100
  ],
  "label_stats": {
    "resilience_score": {
      "mean": 56.68502252223652,
      "std": 13.907652942448605,
      "min": 24.894460721791017,
      "max": 95.38585495332066
    },
    "temp_reduction_f": {
      "mean": 2.3558158576169688,
      "std": 1.464386318844932,
      "min": 0.0,
      "max": 5.995308245933786
    },
    "flood_risk_reduction": {
      "mean": 36.7037609966488,
      "std": 43.112285512753424,
      "min": 0.0,
      "max": 168.33031116669804
    },
    "energy_savings_usd": {
      "mean": 1312.077547258712,
      "std": 1347.2664494825046,
      "min": 0.0,
      "max": 8101.5991063892825
    }
  }
}